<ImportExportXml xmlns:xsi="http://www.w3.org/2001/XMLSchema-instance">
  <Entities></Entities>
  <Roles></Roles>
  <Workflows>
    <Workflow WorkflowId="{2740f35f-6414-eb11-a813-000d3a895c89}" Name="Create Group">
      <JsonFileName>/Workflows/CreateGroup-2740F35F-6414-EB11-A813-000D3A895C89.json</JsonFileName>
      <Type>1</Type>
      <Subprocess>0</Subprocess>
      <Category>5</Category>
      <Mode>0</Mode>
      <Scope>4</Scope>
      <OnDemand>0</OnDemand>
      <TriggerOnCreate>0</TriggerOnCreate>
      <TriggerOnDelete>0</TriggerOnDelete>
      <AsyncAutodelete>0</AsyncAutodelete>
      <SyncWorkflowLogOnFailure>0</SyncWorkflowLogOnFailure>
      <StateCode>1</StateCode>
      <StatusCode>2</StatusCode>
      <RunAs>1</RunAs>
      <IsTransacted>1</IsTransacted>
      <IntroducedVersion>1.0.0.0</IntroducedVersion>
      <IsCustomizable>1</IsCustomizable>
      <BusinessProcessType>0</BusinessProcessType>
      <IsCustomProcessingStepAllowedForOtherPublishers>1</IsCustomProcessingStepAllowedForOtherPublishers>
      <PrimaryEntity>none</PrimaryEntity>
      <LocalizedNames>
        <LocalizedName languagecode="1033" description="Create Group" />
      </LocalizedNames>
    </Workflow>
  </Workflows>
  <FieldSecurityProfiles></FieldSecurityProfiles>
  <Templates />
  <EntityMaps />
  <EntityRelationships />
  <OrganizationSettings />
  <optionsets />
  <CustomControls />
  <EntityDataProviders />
  <CanvasApps>
    <CanvasApp>
      <Name>new_formulairegroupe_c143f</Name>
      <AppVersion>2020-11-16T17:49:07Z</AppVersion>
      <Status>Ready</Status>
      <CreatedByClientVersion>3.20111.42.0</CreatedByClientVersion>
      <MinClientVersion>3.20111.42.0</MinClientVersion>
      <Tags>{"primaryDeviceWidth":"1366","primaryDeviceHeight":"768","sienaVersion":"500dcae1-f3ae-45d1-815d-87cb8b514ee3","deviceCapabilities":"","supportsPortrait":"false","supportsLandscape":"true","primaryFormFactor":"Tablet","publisherVersion":"3.20111.42","minimumRequiredApiVersion":"2.2.0","hasComponent":"true","hasUnlockedComponent":"true","isUnifiedRootApp":"false"}</Tags>
      <IsCdsUpgraded>0</IsCdsUpgraded>
      <GalleryItemId xsi:nil="true"></GalleryItemId>
      <BackgroundColor>rgba(0, 176, 240, 1)</BackgroundColor>
      <DisplayName>Formulaire Groupe</DisplayName>
      <Description xsi:nil="true"></Description>
      <CommitMessage xsi:nil="true"></CommitMessage>
      <Publisher xsi:nil="true"></Publisher>
      <AuthorizationReferences xsi:nil="true"></AuthorizationReferences>
      <ConnectionReferences>{"778d18b7-8aa6-49da-8eca-44a92717e395":{"id":"/providers/microsoft.powerapps/apis/shared_get-20office-20365-20groups-5f2405b1dbfa6b85b2--3e2d8da537fb54dd","displayName":"Get office 365 groups","iconUri":"https://prodapiicons.cdn.powerappscdn.net/20201021t000000z70fdf48289bc41a5be82455abbfab87e/customconnectoricon.png","dataSources":["Getoffice365groups"],"dependencies":[],"dependents":[],"parameterHints":{},"isOnPremiseConnection":false,"bypassConsent":false,"dataSets":{},"apiTier":"Standard","actions":["GetOfficeGroups"],"isCustomApiSolutionAware":false},"b56b963e-d47d-4376-92b6-9792b151cf9d":{"id":"/providers/microsoft.powerapps/apis/shared_sharepointonline","displayName":"SharePoint","iconUri":"https://connectoricons-prod.azureedge.net/releases/v1.0.1416/1.0.1416.2232/sharepointonline/icon.png","dataSources":["Group Requests","Group Request Settings","Teams Templates"],"dependencies":[],"dependents":[],"parameterHints":{},"isOnPremiseConnection":false,"bypassConsent":false,"dataSets":{"https://o365testtenantobvie.sharepoint.com/sites/Requestagroupsite":{"dataSources":{"Group Requests":{"tableName":"36217580-7cca-4778-9bba-1f4b279b350a"},"Group Request Settings":{"tableName":"18c3b142-9e69-47db-8a6f-7aa629edfd13"},"Teams Templates":{"tableName":"a3d904d9-5dbf-4f61-acf2-ecb78379e218"}}}},"apiTier":"Standard","isCustomApiSolutionAware":false}}</ConnectionReferences>
      <DatabaseReferences>{}</DatabaseReferences>
      <CanConsumeAppPass>1</CanConsumeAppPass>
      <CanvasAppType>0</CanvasAppType>
      <BypassConsent>0</BypassConsent>
      <AdminControlBypassConsent>0</AdminControlBypassConsent>
      <EmbeddedApp xsi:nil="true"></EmbeddedApp>
      <IntroducedVersion>1.0</IntroducedVersion>
      <CdsDependencies>{"cdsdependencies":[]}</CdsDependencies>
      <BackgroundImageUri>/CanvasApps/new_formulairegroupe_c143f_BackgroundImageUri</BackgroundImageUri>
      <DocumentUri>/CanvasApps/new_formulairegroupe_c143f_DocumentUri.msapp</DocumentUri>
    </CanvasApp>
  </CanvasApps>
  <Languages>
    <Language>1033</Language>
  </Languages>
</ImportExportXml>