{"properties":{"connectionReferences":{"shared_approvals":{"runtimeSource":"embedded","connection":{},"api":{"name":"shared_approvals"}},"shared_office365users":{"runtimeSource":"embedded","connection":{},"api":{"name":"shared_office365users"}},"shared_sharepointonline_1":{"runtimeSource":"embedded","connection":{},"api":{"name":"shared_sharepointonline"}},"shared_teams":{"runtimeSource":"embedded","connection":{},"api":{"name":"shared_teams"}},"shared_office365":{"runtimeSource":"embedded","connection":{},"api":{"name":"shared_office365"}},"shared_sharepointonline":{"runtimeSource":"embedded","connection":{},"api":{"name":"shared_sharepointonline"}}},"definition":{"$schema":"https://schema.management.azure.com/providers/Microsoft.Logic/schemas/2016-06-01/workflowdefinition.json#","contentVersion":"1.0.0.0","parameters":{"$connections":{"defaultValue":{},"type":"Object"},"$authentication":{"defaultValue":{},"type":"SecureObject"}},"triggers":{"When_an_item_is_created":{"recurrence":{"interval":3,"frequency":"Minute"},"splitOn":"@triggerOutputs()?['body/value']","type":"OpenApiConnection","inputs":{"host":{"connectionName":"shared_sharepointonline","operationId":"GetOnNewItems","apiId":"/providers/Microsoft.PowerApps/apis/shared_sharepointonline"},"parameters":{"dataset":"https://o365testtenantobvie.sharepoint.com/sites/requestagroupsite","table":"Group Requests"},"authentication":"@parameters('$authentication')"}}},"actions":{"Create_an_approval":{"runAfter":{"adding_members_array":["Succeeded"]},"type":"OpenApiConnection","inputs":{"host":{"connectionName":"shared_approvals","operationId":"CreateAnApproval","apiId":"/providers/Microsoft.PowerApps/apis/shared_approvals"},"parameters":{"approvalType":"Basic","ApprovalCreationInput/title":"Demande de création de groupe","ApprovalCreationInput/assignedTo":"hdesmet@o365testtenantobvie.onmicrosoft.com;","ApprovalCreationInput/details":"Demande de création de groupe, nom :  @{triggerOutputs()?['body/Title']}","ApprovalCreationInput/itemLink":"@triggerOutputs()?['body/{Link}']","ApprovalCreationInput/requestor":"@triggerOutputs()?['body/Author/Email']","ApprovalCreationInput/enableNotifications":true,"ApprovalCreationInput/enableReassignment":true},"authentication":"@parameters('$authentication')"}},"Wait_for_an_approval":{"runAfter":{"Update_item_to_pending_approval":["Succeeded"]},"type":"OpenApiConnectionWebhook","inputs":{"host":{"connectionName":"shared_approvals","operationId":"WaitForAnApproval","apiId":"/providers/Microsoft.PowerApps/apis/shared_approvals"},"parameters":{"approvalName":"@outputs('Create_an_approval')?['body/name']"},"authentication":"@parameters('$authentication')"}},"Initialize_Approval_Comments":{"runAfter":{"Initialize_TenantID_":["Succeeded"]},"type":"InitializeVariable","inputs":{"variables":[{"name":"Comments","type":"string"}]}},"Adding_responses_to_a_single_string":{"foreach":"@outputs('Wait_for_an_approval')?['body/responses']","actions":{"Add_response_to_response_variable":{"runAfter":{},"type":"SetVariable","inputs":{"name":"Response","value":"@items('Adding_responses_to_a_single_string')?['approverResponse']"}}},"runAfter":{"Wait_for_an_approval":["Succeeded"]},"type":"Foreach"},"Initialize_Channels_List":{"runAfter":{"Initialize_Approval_Comments":["Succeeded"]},"type":"InitializeVariable","inputs":{"variables":[{"name":"channelsArray","type":"string"}]}},"Initialize_Owners_Array_":{"runAfter":{"Initialize_Channels_List":["Succeeded"]},"type":"InitializeVariable","inputs":{"variables":[{"name":"ownersArray","type":"array"}]}},"Initialize_Members_Array":{"runAfter":{"Initialize_Owners_Array_":["Succeeded"]},"type":"InitializeVariable","inputs":{"variables":[{"name":"membersArray","type":"array"}]}},"adding_owners_array":{"foreach":"@triggerOutputs()?['body/Owners']","actions":{"Get_user_profile_owner":{"runAfter":{},"type":"OpenApiConnection","inputs":{"host":{"connectionName":"shared_office365users","operationId":"UserProfile_V2","apiId":"/providers/Microsoft.PowerApps/apis/shared_office365users"},"parameters":{"id":"@items('adding_owners_array')?['Email']"},"authentication":"@parameters('$authentication')"}},"Append_to_owners_array_variable":{"runAfter":{"Append_to_array_variable":["Succeeded"]},"type":"AppendToArrayVariable","inputs":{"name":"ownersArray","value":"https://graph.microsoft.com/v1.0/users/@{outputs('Get_user_profile_owner')?['body/id']}"}},"Append_to_array_variable":{"runAfter":{"Get_user_profile_owner":["Succeeded"]},"type":"AppendToArrayVariable","inputs":{"name":"membersArray","value":"https://graph.microsoft.com/v1.0/users/@{outputs('Get_user_profile_owner')?['body/id']}"}}},"runAfter":{"Loop_through_settings":["Succeeded"]},"type":"Foreach"},"adding_members_array":{"foreach":"@triggerOutputs()?['body/Members']","actions":{"Get_user_profile_member":{"runAfter":{},"type":"OpenApiConnection","inputs":{"host":{"connectionName":"shared_office365users","operationId":"UserProfile_V2","apiId":"/providers/Microsoft.PowerApps/apis/shared_office365users"},"parameters":{"id":"@items('adding_members_array')?['Email']"},"authentication":"@parameters('$authentication')"}},"Append_to_members_array_variable":{"runAfter":{"Get_user_profile_member":["Succeeded"]},"type":"AppendToArrayVariable","inputs":{"name":"membersArray","value":"https://graph.microsoft.com/v1.0/users/@{outputs('Get_user_profile_member')?['body/id']}"}}},"runAfter":{"adding_owners_array":["Succeeded"]},"type":"Foreach"},"Initialize_odata_":{"runAfter":{"Initialize_Members_Array":["Succeeded"]},"type":"InitializeVariable","inputs":{"variables":[{"name":"odata variable","type":"string","value":"@@odata.type"}]}},"Initialize_Approval_Response_":{"runAfter":{"Initialize_odata_":["Succeeded"]},"type":"InitializeVariable","inputs":{"variables":[{"name":"Response","type":"string"}]}},"Initialize_AppID":{"runAfter":{"Initialize_Team_Request_Site":["Succeeded"]},"type":"InitializeVariable","inputs":{"variables":[{"name":"AppID","type":"string"}]}},"Initialize_AppSecret":{"runAfter":{"Initialize_AppID":["Succeeded"]},"type":"InitializeVariable","inputs":{"variables":[{"name":"AppSecret","type":"string"}]}},"Initialize_TenantID_":{"runAfter":{"Initialize_AppSecret":["Succeeded"]},"type":"InitializeVariable","inputs":{"variables":[{"name":"TenantID","type":"string"}]}},"Initialize_Team_Request_Site":{"runAfter":{},"type":"InitializeVariable","inputs":{"variables":[{"name":"Team Request Site","type":"string","value":"https://o365testtenantobvie.sharepoint.com/sites/Requestagroupsite"}]}},"Initialize_Mail_Nick_Name":{"runAfter":{"Initialize_Approval_Response_":["Succeeded"]},"type":"InitializeVariable","inputs":{"variables":[{"name":"MailNickname","type":"string","value":"@{replace(triggerOutputs()?['body/Title'],' ','')}"}]}},"Update_item_to_pending_approval":{"runAfter":{"Create_an_approval":["Succeeded"]},"type":"OpenApiConnection","inputs":{"host":{"connectionName":"shared_sharepointonline_1","operationId":"PatchItem","apiId":"/providers/Microsoft.PowerApps/apis/shared_sharepointonline"},"parameters":{"dataset":"@variables('Team Request Site')","table":"Group Requests","id":"@triggerOutputs()?['body/ID']","item":{"Status":{"Value":"Pending Approval"}}},"authentication":"@parameters('$authentication')"}},"Get_settings":{"runAfter":{"Initialize_Error_Details":["Succeeded"]},"type":"OpenApiConnection","inputs":{"host":{"connectionName":"shared_sharepointonline_1","operationId":"GetItems","apiId":"/providers/Microsoft.PowerApps/apis/shared_sharepointonline"},"parameters":{"dataset":"@variables('Team Request Site')","table":"Group Request Settings"},"authentication":"@parameters('$authentication')"}},"Loop_through_settings":{"foreach":"@outputs('Get_settings')?['body/value']","actions":{"Switch":{"runAfter":{},"cases":{"Case":{"case":"AppID","actions":{"Set_variable":{"runAfter":{},"type":"SetVariable","inputs":{"name":"AppID","value":"@{items('Loop_through_settings')?['Value']}"}}}},"Case_2":{"case":"AppSecret","actions":{"Set_variable_2":{"runAfter":{},"type":"SetVariable","inputs":{"name":"AppSecret","value":"@{items('Loop_through_settings')?['Value']}"}}}},"Case_3":{"case":"TenantID","actions":{"Set_variable_3":{"runAfter":{},"type":"SetVariable","inputs":{"name":"TenantID","value":"@{items('Loop_through_settings')?['Value']}"}}}}},"default":{"actions":{}},"expression":"@items('Loop_through_settings')?['Title']","type":"Switch"}},"runAfter":{"Get_settings":["Succeeded"]},"type":"Foreach"},"Try":{"actions":{"Result_of_approval":{"actions":{"If_teams_is_enabled":{"actions":{"If_there_is_no_teams_template":{"actions":{"check_if_planner_tab":{"actions":{"List_channels_2":{"runAfter":{},"type":"OpenApiConnection","inputs":{"host":{"connectionName":"shared_teams","operationId":"GetChannelsForGroup","apiId":"/providers/Microsoft.PowerApps/apis/shared_teams"},"parameters":{"groupId":"@outputs('HTTP_to_add_group')['Body']['id']"},"authentication":"@parameters('$authentication')"}},"Check_if_general_channel_and_add_planner_tab":{"foreach":"@outputs('List_channels_2')?['body/value']","actions":{"If_channel_is_general_add_planner_tab":{"actions":{"HTTP_to_add_the_planner_tab":{"runAfter":{},"type":"Http","inputs":{"method":"POST","uri":"https://graph.microsoft.com/v1.0/teams/@{outputs('HTTP_to_add_group')['body']['id']}/channels/@{items('Check_if_general_channel_and_add_planner_tab')?['id']}/tabs","body":{"displayName":"Planner","teamsApp@odata.bind":"https://graph.microsoft.com/v1.0/appCatalogs/teamsApps/com.microsoft.teamspace.tab.planner"},"authentication":{"type":"ActiveDirectoryOAuth","tenant":"@variables('TenantID')","audience":"https://graph.microsoft.com","clientId":"@variables('AppID')","secret":"@variables('AppSecret')"}}}},"runAfter":{},"expression":{"equals":["@items('Check_if_general_channel_and_add_planner_tab')?['displayName']","General"]},"type":"If"}},"runAfter":{"List_channels_2":["Succeeded"]},"type":"Foreach"}},"runAfter":{"check_if_one_note_tab":["Succeeded"]},"expression":{"equals":["@triggerOutputs()?['body/PlannerTab']",true]},"type":"If"},"HTTP_to_enable_teams":{"runAfter":{},"type":"Http","inputs":{"method":"POST","uri":"https://graph.microsoft.com/v1.0/teams","body":{"template@odata.bind":"https://graph.microsoft.com/v1.0/teamsTemplates('standard')","group@odata.bind":"https://graph.microsoft.com/v1.0/groups('@{outputs('HTTP_to_add_group')['body']['id']}')"},"authentication":{"type":"ActiveDirectoryOAuth","tenant":"@variables('TenantID')","audience":"https://graph.microsoft.com","clientId":"@variables('AppID')","secret":"@variables('AppSecret')"}}},"check_if_channels":{"actions":{"set_channelsArray_Variable":{"runAfter":{},"type":"SetVariable","inputs":{"name":"channelsArray","value":"@triggerOutputs()?['body/Channels']"}},"Create_channel_in_teams":{"foreach":"@split(variables('channelsArray'), ';')","actions":{"Create_a_channel_":{"runAfter":{},"type":"OpenApiConnection","inputs":{"host":{"connectionName":"shared_teams","operationId":"CreateChannel","apiId":"/providers/Microsoft.PowerApps/apis/shared_teams"},"parameters":{"groupId":"@outputs('HTTP_to_add_group')['Body']['id']","body/displayName":"@items('Create_channel_in_teams')"},"authentication":"@parameters('$authentication')"}}},"runAfter":{"set_channelsArray_Variable":["Succeeded"]},"type":"Foreach"}},"runAfter":{"HTTP_to_enable_teams":["Succeeded"]},"expression":{"not":{"equals":["@triggerOutputs()?['body/Channels']","' '"]}},"type":"If"},"check_if_one_note_tab":{"actions":{"List_channels":{"runAfter":{},"type":"OpenApiConnection","inputs":{"host":{"connectionName":"shared_teams","operationId":"GetChannelsForGroup","apiId":"/providers/Microsoft.PowerApps/apis/shared_teams"},"parameters":{"groupId":"@outputs('HTTP_to_add_group')['Body']['id']"},"authentication":"@parameters('$authentication')"}},"Add_one_note_tab_to_general_only":{"foreach":"@outputs('List_channels')?['body/value']","actions":{"If_channel_is_general":{"actions":{"HTTP_to_add_the_one_note_tab":{"runAfter":{},"type":"Http","inputs":{"method":"POST","uri":"https://graph.microsoft.com/v1.0/teams/@{outputs('HTTP_to_add_group')['body']['id']}/channels/@{items('Add_one_note_tab_to_general_only')?['id']}/tabs","body":{"displayName":"Compte-rendu","teamsApp@odata.bind":"https://graph.microsoft.com/v1.0/appCatalogs/teamsApps/0d820ecd-def2-4297-adad-78056cde7c78"},"authentication":{"type":"ActiveDirectoryOAuth","tenant":"@variables('TenantID')","audience":"https://graph.microsoft.com","clientId":"@variables('AppID')","secret":"@variables('AppSecret')"}}}},"runAfter":{},"expression":{"equals":["@items('Add_one_note_tab_to_general_only')?['displayName']","General"]},"type":"If"}},"runAfter":{"List_channels":["Succeeded"]},"type":"Foreach"}},"runAfter":{"check_if_channels":["Succeeded"]},"expression":{"equals":["@triggerOutputs()?['body/OneNoteTab']",true]},"type":"If"}},"runAfter":{},"else":{"actions":{"HTTP_to_enable_teams_with_template_in_a_group":{"runAfter":{},"type":"Http","inputs":{"method":"POST","uri":"https://graph.microsoft.com/v1.0/teams","body":{"template@odata.bind":"https://graph.microsoft.com/v1.0/teamsTemplates('@{triggerOutputs()?['body/TemplateId']}')","group@odata.bind":"https://graph.microsoft.com/v1.0/groups('@{outputs('HTTP_to_add_group')['Body']['id']}')"},"authentication":{"type":"ActiveDirectoryOAuth","tenant":"@variables('TenantID')","audience":"https://graph.microsoft.com","clientId":"@variables('AppID')","secret":"@variables('AppSecret')"}}}}},"expression":{"equals":["@triggerOutputs()?['body/TeamsTemplate']",false]},"type":"If"},"Send_an_email_for_group_with_team_created":{"runAfter":{"If_there_is_no_teams_template":["Succeeded"]},"type":"OpenApiConnection","inputs":{"host":{"connectionName":"shared_office365","operationId":"SendEmailV2","apiId":"/providers/Microsoft.PowerApps/apis/shared_office365"},"parameters":{"emailMessage/To":"@triggerOutputs()?['body/Author/Email']","emailMessage/Subject":"Groupe créé avec équipe Teams","emailMessage/Body":"<p>Bonjour, votre groupe @{triggerOutputs()?['body/Title']} a bien été créé avec une équipe Teams.</p>"},"authentication":"@parameters('$authentication')"}}},"runAfter":{"Delay":["Succeeded"]},"else":{"actions":{"Send_an_email_(V2)":{"runAfter":{},"type":"OpenApiConnection","inputs":{"host":{"connectionName":"shared_office365","operationId":"SendEmailV2","apiId":"/providers/Microsoft.PowerApps/apis/shared_office365"},"parameters":{"emailMessage/To":"@triggerOutputs()?['body/Author/Email']","emailMessage/Subject":"Groupe créé","emailMessage/Body":"<p>Bonjour, votre groupe @{triggerOutputs()?['body/Title']} a bien été créé.</p>"},"authentication":"@parameters('$authentication')"}}}},"expression":{"equals":["@triggerOutputs()?['body/Teams']",true]},"type":"If"},"Update_item":{"runAfter":{"If_teams_is_enabled":["Succeeded"]},"type":"OpenApiConnection","inputs":{"host":{"connectionName":"shared_sharepointonline","operationId":"PatchItem","apiId":"/providers/Microsoft.PowerApps/apis/shared_sharepointonline"},"parameters":{"dataset":"@variables('Team Request Site')","table":"Group Requests","id":"@triggerOutputs()?['body/ID']","item":{"Status":{"Value":"Group Created"}}},"authentication":"@parameters('$authentication')"}},"Delay":{"runAfter":{"HTTP_to_add_group":["Succeeded"]},"type":"Wait","inputs":{"interval":{"count":1,"unit":"Minute"}}},"Update_item_3":{"runAfter":{},"type":"OpenApiConnection","inputs":{"host":{"connectionName":"shared_sharepointonline_1","operationId":"PatchItem","apiId":"/providers/Microsoft.PowerApps/apis/shared_sharepointonline"},"parameters":{"dataset":"@variables('Team Request Site')","table":"Group Requests","id":"@triggerOutputs()?['body/ID']","item":{"Status":{"Value":"Group Creation"}}},"authentication":"@parameters('$authentication')"}},"HTTP_to_add_group":{"runAfter":{"Update_item_3":["Succeeded"]},"type":"Http","inputs":{"method":"POST","uri":"https://graph.microsoft.com/v1.0/groups","body":{"displayName":"@triggerOutputs()?['body/Title']","mailNickname":"@variables('MailNickname')","description":"@triggerOutputs()?['body/GroupDescription']","visibility":"Private","groupTypes":["Unified"],"mailEnabled":true,"securityEnabled":false,"owners@odata.bind":"@variables('ownersArray')","members@odata.bind":"@variables('membersArray')"},"authentication":{"type":"ActiveDirectoryOAuth","tenant":"@variables('TenantID')","audience":"https://graph.microsoft.com","clientId":"@variables('AppID')","secret":"@variables('AppSecret')"}}}},"runAfter":{},"else":{"actions":{"Send_rejected_Email":{"runAfter":{"Add_comments_to_variable":["Succeeded"]},"type":"OpenApiConnection","inputs":{"host":{"connectionName":"shared_office365","operationId":"SendEmailV2","apiId":"/providers/Microsoft.PowerApps/apis/shared_office365"},"parameters":{"emailMessage/To":"@triggerOutputs()?['body/Author/Email']","emailMessage/Subject":"Demande de création de groupe rejetée","emailMessage/Body":"<p>Demande de création de groupe rejetée, commentaires :<br>\n@{variables('Comments')}</p>"},"authentication":"@parameters('$authentication')"}},"Add_comments_to_variable":{"foreach":"@outputs('Wait_for_an_approval')?['body/responses']","actions":{"Append_to_string_variable":{"runAfter":{},"type":"AppendToStringVariable","inputs":{"name":"Comments","value":"@{items('Add_comments_to_variable')?['comments']} ; "}}},"runAfter":{},"type":"Foreach"},"Update_item_to_not_created":{"runAfter":{"Send_rejected_Email":["Succeeded"]},"type":"OpenApiConnection","inputs":{"host":{"connectionName":"shared_sharepointonline","operationId":"PatchItem","apiId":"/providers/Microsoft.PowerApps/apis/shared_sharepointonline"},"parameters":{"dataset":"@variables('Team Request Site')","table":"Group Requests","id":"@triggerOutputs()?['body/ID']","item":{"Status":{"Value":"Rejected"}}},"authentication":"@parameters('$authentication')"}}}},"expression":{"equals":["@variables('Response')","Approve"]},"type":"If"}},"runAfter":{"Adding_responses_to_a_single_string":["Succeeded"]},"type":"Scope"},"Catch":{"actions":{"Update_item_2":{"runAfter":{},"type":"OpenApiConnection","inputs":{"host":{"connectionName":"shared_sharepointonline_1","operationId":"PatchItem","apiId":"/providers/Microsoft.PowerApps/apis/shared_sharepointonline"},"parameters":{"dataset":"@variables('Team Request Site')","table":"Group Requests","id":"@triggerOutputs()?['body/ID']","item":{"Status":{"Value":"Team Creation Failed"}}},"authentication":"@parameters('$authentication')"}},"Send_an_email_(V2)_2":{"runAfter":{"Apply_to_each":["Succeeded"]},"type":"OpenApiConnection","inputs":{"host":{"connectionName":"shared_office365","operationId":"SendEmailV2","apiId":"/providers/Microsoft.PowerApps/apis/shared_office365"},"parameters":{"emailMessage/To":"@triggerOutputs()?['body/Author/Email']","emailMessage/Subject":"Team Creation Failed","emailMessage/Body":"<p>Team creation failed : @{variables('ErrorDetails')}</p>"},"authentication":"@parameters('$authentication')"}},"Filter_array":{"runAfter":{"Update_item_2":["Succeeded"]},"type":"Query","inputs":{"from":"@result('Try')","where":"@contains(createArray('Failed', 'TimedOut'), item()['status'])"}},"Apply_to_each":{"foreach":"@body('Filter_array')","actions":{"Append_to_string_variable_2":{"runAfter":{},"type":"AppendToStringVariable","inputs":{"name":"ErrorDetails","value":"@{ items('Apply_to_each')['name']}\n@{items('Apply_to_each')['status']}\n@{items('Apply_to_each')['code']}\n"}}},"runAfter":{"Filter_array":["Succeeded"]},"type":"Foreach"}},"runAfter":{"Try":["Failed","Skipped","TimedOut"]},"type":"Scope"},"Initialize_Error_Details":{"runAfter":{"Initialize_Mail_Nick_Name":["Succeeded"]},"type":"InitializeVariable","inputs":{"variables":[{"name":"ErrorDetails","type":"string"}]}}}}},"schemaVersion":"1.0.0.0"}